{"_timestamp":1.7810182578987575e+09,"_wandb":{"runtime":0},"_runtime":0,"_step":7,"acc":0.908156094475975,"loss":0.08331219435940529}