{"acc":0.8861783334451127,"loss":0.09704439346558418,"_timestamp":1.7810182834828246e+09,"_step":7,"_wandb":{"runtime":0},"_runtime":0}